family,variant,slice_col,slice_value,n,r2,rmse,mae,spearman
regression,v0_phase_only,phase_label,box_defence,9686,-3.776301493729761e-10,0.47287487103168835,0.3748783758530155,
regression,v0_phase_only,phase_label,central_progression_defence,6748,-5.391969093437865e-10,0.31461156535177043,0.23897357650809434,
regression,v0_phase_only,phase_label,counterpress_after_loss,4070,-1.2795655646158366e-09,0.36268679166105927,0.2800770330114504,
regression,v0_phase_only,phase_label,high_press,9797,-1.839077778953424e-10,0.43187378407761734,0.3392740102937384,
regression,v0_phase_only,phase_label,second_ball,6035,-1.2026180051805113e-10,0.3845510847973716,0.29288549610890763,
regression,v0_phase_only,phase_label,settled_low_block,8915,-5.360689669942076e-11,0.3979319889087105,0.30383941073876247,
regression,v0_phase_only,phase_label,settled_mid_block,5795,-1.5635737149466422e-09,0.30938643524421683,0.23646473273886537,
regression,v0_phase_only,phase_label,wide_defending,6560,-6.28986285278188e-09,0.2779234444123846,0.21299978973380304,
regression,v0_phase_only,action_zone,attacking_third_center,12110,-0.01796268620513919,0.4590351393404182,0.35381232141740826,-0.0645938383971388
regression,v0_phase_only,action_zone,attacking_third_left_flank,3669,0.016478777563569746,0.4087224541563265,0.3209165851405827,0.13500856106288003
regression,v0_phase_only,action_zone,attacking_third_right_flank,3794,0.015190277354860338,0.4216565281843412,0.32762853060295744,0.13267140460083682
regression,v0_phase_only,action_zone,defensive_third_center,10187,-0.020578224671337075,0.43126081599338495,0.33205922598750454,-0.04034442580813927
regression,v0_phase_only,action_zone,defensive_third_left_flank,3477,0.012454334217531282,0.3918089576285019,0.301630844907908,0.10354065929657259
regression,v0_phase_only,action_zone,defensive_third_right_flank,3210,0.021088808717946605,0.39322457114592635,0.29846478171644764,0.1490066361302777
regression,v0_phase_only,action_zone,middle_third_center,9611,0.0012731590594826647,0.2959407157955388,0.22988993146375164,0.08823600151261664
regression,v0_phase_only,action_zone,middle_third_left_flank,5862,-0.026286332284048974,0.28739587495746627,0.2299888233990303,0.11160802595070207
regression,v0_phase_only,action_zone,middle_third_right_flank,5717,-0.041794216236953785,0.2881297230068546,0.22848871905959117,0.09140606750242666
regression,v0_phase_only,position_group,centre_back,10607,0.043982175090584885,0.4018634882878452,0.30874148267259766,0.16413065587030673
regression,v0_phase_only,position_group,defensive_midfielder,10844,0.04170689911665071,0.388654882218359,0.2913275235654058,0.2026003750985594
regression,v0_phase_only,position_group,forward,7076,0.037932632353779194,0.36459931154671554,0.277252802806938,0.17156530017719507
regression,v0_phase_only,position_group,fullback_wingback,10414,0.046915511702273816,0.3848494734472719,0.2965626331400664,0.19135711013175366
regression,v0_phase_only,position_group,goalkeeper,2346,-0.5026005100792184,0.3974309783067856,0.3506359202910638,-0.1477764848274539
regression,v0_phase_only,position_group,midfielder,10229,0.04033359206018772,0.37913196425315243,0.28245992952668014,0.20152689936540213
regression,v0_phase_only,position_group,other,6121,0.04045089359334131,0.38122894545685543,0.28794380116061974,0.18765927188181525
regression,v0_phase_only,play_pattern,From Corner,3235,-0.0055098134155160405,0.4177502644345013,0.3259192942630784,-0.0040701465535217625
regression,v0_phase_only,play_pattern,From Counter,759,0.029274705004414647,0.3004681241346063,0.24434628786526683,0.33662831736152754
regression,v0_phase_only,play_pattern,From Free Kick,8284,0.021713545778651477,0.3953614491237806,0.30114619984371105,0.1062153844271304
regression,v0_phase_only,play_pattern,From Goal Kick,4477,0.03926415955894458,0.37164069455533916,0.2881282694082514,0.15921101956876949
regression,v0_phase_only,play_pattern,From Keeper,1786,-0.06409781755919752,0.33000883781949775,0.26846133163177355,0.03659974176017505
regression,v0_phase_only,play_pattern,From Kick Off,1453,0.0068757609104417305,0.3460112287140592,0.27529834410334186,0.0798388281332581
regression,v0_phase_only,play_pattern,From Throw In,12537,0.04794056382945133,0.38363156918333063,0.29034430230953734,0.192607673126855
regression,v0_phase_only,play_pattern,Regular Play,24821,0.038927719593466525,0.389420527115697,0.29532876746150083,0.16484307840962653
regression,v0_phase_only,action_family,contest,6910,0.012273411137821322,0.38328317437901366,0.290684689411835,0.16929187844992008
regression,v0_phase_only,action_family,discipline,2643,-1.7391324481449355,0.34412118432363575,0.322240492409509,0.4840755992162238
regression,v0_phase_only,action_family,goalkeeper,1469,-0.7363611015298126,0.4268400031367197,0.38504722805324787,-0.08169089682898006
regression,v0_phase_only,action_family,intervention,10105,-0.047519143031047095,0.39788363372293567,0.32741519978835976,0.1140194261862949
regression,v0_phase_only,action_family,pressure,27478,0.05097873681705911,0.3824803143383998,0.278994202605055,0.2747332749677607
regression,v0_phase_only,action_family,recovery,8932,-0.005551386797205238,0.38597273150216393,0.2817681385739789,0.18108780102685323
regression,v0_phase_only,counterpress,False,48947,0.034379810267772704,0.39016964755031347,0.29845842365021164,0.14347250526075972
regression,v0_phase_only,counterpress,True,8690,0.03942721835000207,0.35791024959265416,0.27042056375863527,0.21237117329025001
regression,v1_spatial,phase_label,box_defence,9686,0.10335720804922766,0.44777100370550155,0.35091081861998796,0.3847266307799789
regression,v1_spatial,phase_label,central_progression_defence,6748,0.07774548700694128,0.3021343322448115,0.22450544461378383,0.3019562528160415
regression,v1_spatial,phase_label,counterpress_after_loss,4070,0.12206589097863008,0.33983077083536395,0.26369035619042946,0.3764584168950125
regression,v1_spatial,phase_label,high_press,9797,0.11112118933989035,0.40717220013286326,0.31426596434295667,0.38517385617712474
regression,v1_spatial,phase_label,second_ball,6035,0.09605378682571175,0.3656161201277617,0.2762248484646923,0.31232464006661925
regression,v1_spatial,phase_label,settled_low_block,8915,0.10663760322049354,0.3761167603512524,0.28135666112227853,0.372707392086293
regression,v1_spatial,phase_label,settled_mid_block,5795,0.07786184964764808,0.2970976818316858,0.2211314593754178,0.3128352768807462
regression,v1_spatial,phase_label,wide_defending,6560,0.09260014589249499,0.26474302977019704,0.19944100587475164,0.3634807123081056
regression,v1_spatial,action_zone,attacking_third_center,12110,0.09618817577821426,0.4325327655753143,0.3358201720749759,0.355795329355612
regression,v1_spatial,action_zone,attacking_third_left_flank,3669,0.09347371276512628,0.3923980411271224,0.3016628466606379,0.36771137345822563
regression,v1_spatial,action_zone,attacking_third_right_flank,3794,0.0890946302189698,0.4055265527790655,0.3084822438376059,0.3731864666368755
regression,v1_spatial,action_zone,defensive_third_center,10187,0.11421489973210452,0.4017732672338478,0.3096620781489094,0.38439277716205184
regression,v1_spatial,action_zone,defensive_third_left_flank,3477,0.09923080300270992,0.37419892051599474,0.2879611621271455,0.36178741309567647
regression,v1_spatial,action_zone,defensive_third_right_flank,3210,0.11369432903135801,0.3741629359873113,0.2848554598509188,0.40055313263328945
regression,v1_spatial,action_zone,middle_third_center,9611,0.04913938421201258,0.28876183220694573,0.21467980347769172,0.26946599568128554
regression,v1_spatial,action_zone,middle_third_left_flank,5862,0.08309054153379292,0.2716498591173532,0.20409928897861282,0.3523407736191717
regression,v1_spatial,action_zone,middle_third_right_flank,5717,0.06865240829234398,0.27242878196773207,0.20362080976014327,0.3271201316437799
regression,v1_spatial,position_group,centre_back,10607,0.14752325743114125,0.37947819353929824,0.28537375259690734,0.4196062171103945
regression,v1_spatial,position_group,defensive_midfielder,10844,0.13072106022021468,0.3701642952016622,0.2786188322489798,0.3894857621819281
regression,v1_spatial,position_group,forward,7076,0.1086511646088052,0.350943297888479,0.2622705670963497,0.3558754776353802
regression,v1_spatial,position_group,fullback_wingback,10414,0.13596588200792437,0.36642967879286426,0.2760221237959811,0.4052192734017777
regression,v1_spatial,position_group,goalkeeper,2346,0.0008247796304327037,0.32408637810633767,0.24938680704731495,0.14288307962903335
regression,v1_spatial,position_group,midfielder,10229,0.1184468721201144,0.36337454396790775,0.2731996087857792,0.36757442439425575
regression,v1_spatial,position_group,other,6121,0.12279513956500243,0.36450440389966793,0.2744149783712572,0.37782869621627146
regression,v1_spatial,play_pattern,From Corner,3235,0.07019866195875246,0.40171556570077377,0.31402154277127997,0.3080605298917407
regression,v1_spatial,play_pattern,From Counter,759,-0.00035599874139702337,0.30501944235404266,0.24295475020883914,0.41572095423197397
regression,v1_spatial,play_pattern,From Free Kick,8284,0.11641830865060976,0.3757375973627127,0.2818916623466048,0.35967453561826723
regression,v1_spatial,play_pattern,From Goal Kick,4477,0.14709390482168727,0.35016430733921466,0.26467448155015144,0.4082140460286758
regression,v1_spatial,play_pattern,From Keeper,1786,0.07156726701364635,0.3082549194597811,0.24129113352710244,0.3233400611287106
regression,v1_spatial,play_pattern,From Kick Off,1453,0.08487552212538929,0.33214558791550436,0.2607249574165591,0.3073084597698393
regression,v1_spatial,play_pattern,From Throw In,12537,0.14130439275374718,0.364335867425487,0.27122345696888767,0.4112395860178962
regression,v1_spatial,play_pattern,Regular Play,24821,0.14368053996663588,0.36758579606380876,0.27526227031464406,0.4188935897043787
regression,v1_spatial,action_family,contest,6910,0.10613828492443256,0.36461669531233193,0.27592664947298623,0.3495135923965442
regression,v1_spatial,action_family,discipline,2643,-0.10188870636844238,0.2182598028077819,0.13052732428238448,0.5358211899503277
regression,v1_spatial,action_family,goalkeeper,1469,-0.02856668474069357,0.3285196240004256,0.24407721352055817,-0.15008705655107374
regression,v1_spatial,action_family,intervention,10105,0.027477036593794968,0.383376090015107,0.2934728621577956,0.16332673091888625
regression,v1_spatial,action_family,pressure,27478,0.10338507238903549,0.3717697921458997,0.281513519138775,0.31840194729422117
regression,v1_spatial,action_family,recovery,8932,0.09089278842487192,0.3669965994677469,0.2811576898047923,0.30992155039759905
regression,v1_spatial,counterpress,False,48947,0.13713677522385215,0.3688257993878667,0.27803976517383683,0.4033559346700216
regression,v1_spatial,counterpress,True,8690,0.10687565924654607,0.34511589347500227,0.25647006731160676,0.3692369596085737
regression,v2_full_baseline,phase_label,box_defence,9686,0.3178065980082355,0.3905709995093892,0.2956474590401718,0.640970760976079
regression,v2_full_baseline,phase_label,central_progression_defence,6748,0.2432514351691698,0.2736846792311684,0.19741843574692444,0.604650243164563
regression,v2_full_baseline,phase_label,counterpress_after_loss,4070,0.2417641272059342,0.31581583603040825,0.24401265131385289,0.5140283367309304
regression,v2_full_baseline,phase_label,high_press,9797,0.3276232795316216,0.35413037248032997,0.26341633677915527,0.6498822038437438
regression,v2_full_baseline,phase_label,second_ball,6035,0.32388581239566094,0.31620160165240874,0.22499728980121905,0.6463600477482608
regression,v2_full_baseline,phase_label,settled_low_block,8915,0.2815002495308616,0.3373045218978735,0.24464299673090742,0.6311026704170599
regression,v2_full_baseline,phase_label,settled_mid_block,5795,0.2737752109838506,0.26365548018520457,0.1920475026461437,0.6401240577117785
regression,v2_full_baseline,phase_label,wide_defending,6560,0.25202124826810834,0.2403642157713618,0.17472691331047602,0.6741885037987569
regression,v2_full_baseline,action_zone,attacking_third_center,12110,0.29279298250868624,0.3826073277447111,0.28815529595299727,0.6098474930328825
regression,v2_full_baseline,action_zone,attacking_third_left_flank,3669,0.305380584010702,0.34348682913570333,0.2544163536400221,0.6368962007213568
regression,v2_full_baseline,action_zone,attacking_third_right_flank,3794,0.3166410272259823,0.35124254511593617,0.2586375646569427,0.6571276741164566
regression,v2_full_baseline,action_zone,defensive_third_center,10187,0.3130455514082021,0.35381873179238094,0.2636989250542082,0.6321425308014276
regression,v2_full_baseline,action_zone,defensive_third_left_flank,3477,0.3290493641660682,0.3229542852082318,0.23781896932539068,0.6512712756592804
regression,v2_full_baseline,action_zone,defensive_third_right_flank,3210,0.313224005807768,0.3293643226625466,0.24122020423370363,0.642149628432852
regression,v2_full_baseline,action_zone,middle_third_center,9611,0.20887346725820977,0.2633930638090321,0.19037712821610092,0.58286965047544
regression,v2_full_baseline,action_zone,middle_third_left_flank,5862,0.25915548176936387,0.24417983370168284,0.1785181251437461,0.6603578670013642
regression,v2_full_baseline,action_zone,middle_third_right_flank,5717,0.24793757663922644,0.24480711485863763,0.17590142751792118,0.6596023334963375
regression,v2_full_baseline,position_group,centre_back,10607,0.3368488369277082,0.33469700232866484,0.2441008875801977,0.6491782964587578
regression,v2_full_baseline,position_group,defensive_midfielder,10844,0.31906031939255364,0.32761914169010226,0.23858530288671245,0.6399059833223426
regression,v2_full_baseline,position_group,forward,7076,0.30194844679706156,0.3105681042774201,0.22609231887284223,0.6078194825976917
regression,v2_full_baseline,position_group,fullback_wingback,10414,0.3332490809641796,0.3218896461846948,0.23533097310548856,0.6564312498979702
regression,v2_full_baseline,position_group,goalkeeper,2346,0.21109745997546825,0.28797290467998427,0.2101099005840053,0.5100235158392211
regression,v2_full_baseline,position_group,midfielder,10229,0.29336715438019967,0.32533228580833756,0.23744620234029237,0.6158038844053332
regression,v2_full_baseline,position_group,other,6121,0.3227164654175436,0.3202856815887057,0.23278837370093547,0.6445530755480406
regression,v2_full_baseline,play_pattern,From Corner,3235,0.279838784032316,0.3535399052228499,0.26146722426335767,0.5908084678669904
regression,v2_full_baseline,play_pattern,From Counter,759,0.3235300739028607,0.250827112894118,0.1851469577002011,0.668919908788721
regression,v2_full_baseline,play_pattern,From Free Kick,8284,0.32782228072301756,0.3277203094035031,0.23821370964288252,0.6423613781522635
regression,v2_full_baseline,play_pattern,From Goal Kick,4477,0.3061360758679743,0.315833665587893,0.22527736784039804,0.6237027757815898
regression,v2_full_baseline,play_pattern,From Keeper,1786,0.2312659961328185,0.28049352505132347,0.21032783750435513,0.5480550555730592
regression,v2_full_baseline,play_pattern,From Kick Off,1453,0.3291709291231617,0.2843769154189124,0.21310021406048563,0.6433299292771191
regression,v2_full_baseline,play_pattern,From Throw In,12537,0.34165218609769854,0.31901419364497247,0.23181861636247422,0.6545950483729188
regression,v2_full_baseline,play_pattern,Regular Play,24821,0.3185787502745129,0.3279054620565846,0.23962821485417587,0.6428059298681493
regression,v2_full_baseline,action_family,contest,6910,0.31692005632993625,0.3187404263987013,0.22929016366230015,0.6373640255212887
regression,v2_full_baseline,action_family,discipline,2643,0.07973248493575613,0.1994628125341272,0.1314446762070669,0.6208980394322978
regression,v2_full_baseline,action_family,goalkeeper,1469,0.21724544116317424,0.28658792842450065,0.19891853067203935,0.4751007969359849
regression,v2_full_baseline,action_family,intervention,10105,0.2710517583631531,0.3319123695157013,0.2448036211678968,0.5749499833575136
regression,v2_full_baseline,action_family,pressure,27478,0.2978165139236999,0.32900039687259053,0.24052691031468393,0.6064420056985623
regression,v2_full_baseline,action_family,recovery,8932,0.24642841814993288,0.33413098031238175,0.2518008053646566,0.5343626464199908
regression,v2_full_baseline,counterpress,False,48947,0.3238584450080425,0.3264894306343834,0.2375354603101246,0.6397322640290345
regression,v2_full_baseline,counterpress,True,8690,0.30858912657528226,0.3036526670122361,0.224046908108647,0.6285204034080545
regression,v3_context_enhanced,phase_label,box_defence,9686,0.3932949317548934,0.36832826495768317,0.27938357063462266,0.721594539974778
regression,v3_context_enhanced,phase_label,central_progression_defence,6748,0.2713994975972298,0.26854645059289595,0.19127484096474512,0.6553742856131767
regression,v3_context_enhanced,phase_label,counterpress_after_loss,4070,0.2467883185406019,0.3147677740409634,0.24359966857457438,0.5298836850470945
regression,v3_context_enhanced,phase_label,high_press,9797,0.4008113651089307,0.3343017311776319,0.248938690837495,0.7177173449095751
regression,v3_context_enhanced,phase_label,second_ball,6035,0.37259051385769126,0.30459977707692115,0.21446373356173845,0.685320919427514
regression,v3_context_enhanced,phase_label,settled_low_block,8915,0.34110704111667645,0.32301023656511463,0.23287879161208735,0.6893923194016558
regression,v3_context_enhanced,phase_label,settled_mid_block,5795,0.2965444495416242,0.25948938607845407,0.18532790916883174,0.682975158099176
regression,v3_context_enhanced,phase_label,wide_defending,6560,0.246865764794439,0.24119115488176182,0.17186270702534592,0.7013026065128468
regression,v3_context_enhanced,action_zone,attacking_third_center,12110,0.36597388773487216,0.36227100425592,0.27277335428466104,0.6899925515415588
regression,v3_context_enhanced,action_zone,attacking_third_left_flank,3669,0.3536582908392697,0.3313353101436503,0.24479198646099584,0.6861367289670646
regression,v3_context_enhanced,action_zone,attacking_third_right_flank,3794,0.38366826543620425,0.3335722618059989,0.24433326172343003,0.7149503982660415
regression,v3_context_enhanced,action_zone,defensive_third_center,10187,0.38224203981481175,0.335525881859631,0.24996188254810614,0.6985523082952791
regression,v3_context_enhanced,action_zone,defensive_third_left_flank,3477,0.3910099946145663,0.30768112131926045,0.22629164426047318,0.7011308587848398
regression,v3_context_enhanced,action_zone,defensive_third_right_flank,3210,0.3621490215292903,0.3174158532784941,0.23188933316444474,0.682370821051233
regression,v3_context_enhanced,action_zone,middle_third_center,9611,0.23329282323556166,0.2592961827217099,0.18459226049568273,0.6370990772875833
regression,v3_context_enhanced,action_zone,middle_third_left_flank,5862,0.25137019679312433,0.24545948236450596,0.17620445604132312,0.6889721236010989
regression,v3_context_enhanced,action_zone,middle_third_right_flank,5717,0.2322333681225005,0.24734988188420237,0.17366626746977684,0.6875668023883726
regression,v3_context_enhanced,position_group,centre_back,10607,0.39912290183202637,0.3185945781240044,0.23136317066417503,0.7016257481401751
regression,v3_context_enhanced,position_group,defensive_midfielder,10844,0.37408785686393065,0.31410267534523184,0.22806532585897718,0.6858221249212545
regression,v3_context_enhanced,position_group,forward,7076,0.3508481336353394,0.2994927111316178,0.21716974638692182,0.6540018255798515
regression,v3_context_enhanced,position_group,fullback_wingback,10414,0.38286124662124543,0.30968245805552086,0.22608170191317387,0.6972511066269179
regression,v3_context_enhanced,position_group,goalkeeper,2346,0.2566411114675887,0.279536947991785,0.20550472862654806,0.5413952664907027
regression,v3_context_enhanced,position_group,midfielder,10229,0.3390812711694182,0.3146330091067159,0.22847521952854047,0.6611244480663148
regression,v3_context_enhanced,position_group,other,6121,0.36687471994782483,0.30966854425483875,0.2235487956054163,0.6843582827874374
regression,v3_context_enhanced,play_pattern,From Corner,3235,0.3556894902725065,0.33440378500924556,0.24528027031687874,0.6612357474484797
regression,v3_context_enhanced,play_pattern,From Counter,759,0.37553653462543957,0.24099262362070284,0.17742954068448177,0.695738035268648
regression,v3_context_enhanced,play_pattern,From Free Kick,8284,0.38229146198720776,0.314161601329057,0.2286734784336799,0.6873314352306433
regression,v3_context_enhanced,play_pattern,From Goal Kick,4477,0.36814887962255594,0.30138986695267445,0.21479302834742015,0.6682481532471836
regression,v3_context_enhanced,play_pattern,From Keeper,1786,0.2818205604272508,0.2711135840672633,0.2019281769237289,0.6109622444083739
regression,v3_context_enhanced,play_pattern,From Kick Off,1453,0.3590871973852837,0.27796356641976105,0.208645407695637,0.6696015727642104
regression,v3_context_enhanced,play_pattern,From Throw In,12537,0.38398963050147195,0.3085860708616216,0.2229020738218636,0.6912775476906041
regression,v3_context_enhanced,play_pattern,Regular Play,24821,0.36970936368321206,0.31536336591155767,0.2296449412714199,0.6887366107322764
regression,v3_context_enhanced,action_family,contest,6910,0.36105746561470675,0.3082707239647727,0.2194067559553696,0.6739370502868044
regression,v3_context_enhanced,action_family,discipline,2643,0.19543152810658326,0.18650324717736871,0.12106275103895282,0.6618985498288433
regression,v3_context_enhanced,action_family,goalkeeper,1469,0.23149512924189564,0.2839673460598057,0.2032341988555467,0.4578174431645441
regression,v3_context_enhanced,action_family,intervention,10105,0.3429148147754423,0.3151272279805089,0.23182637114472848,0.631742170760643
regression,v3_context_enhanced,action_family,pressure,27478,0.35062365563721076,0.31638752275636933,0.23038347927044378,0.6579350129083205
regression,v3_context_enhanced,action_family,recovery,8932,0.29286985779462515,0.3236712788107342,0.2441151611924619,0.5909593728778347
regression,v3_context_enhanced,counterpress,False,48947,0.37809802881498267,0.3131203394817885,0.22766402395755164,0.6863895347977962
regression,v3_context_enhanced,counterpress,True,8690,0.3408647707592348,0.2964805854013937,0.21431252303487924,0.6643897692223677
regression,v4_freeze_geometry,phase_label,box_defence,9686,0.39349559380815113,0.36826734934809036,0.2794478565604531,0.7211866874776134
regression,v4_freeze_geometry,phase_label,central_progression_defence,6748,0.2715863560423941,0.26851201238582095,0.1912795498975816,0.6551895310745987
regression,v4_freeze_geometry,phase_label,counterpress_after_loss,4070,0.2474039494989586,0.3146391114062685,0.24348613981204917,0.5304925137983273
regression,v4_freeze_geometry,phase_label,high_press,9797,0.401165349992314,0.33420296825448276,0.2487998154158139,0.7181686328530207
regression,v4_freeze_geometry,phase_label,second_ball,6035,0.37254107374903056,0.3046117781302591,0.21461817255895144,0.6852391159499737
regression,v4_freeze_geometry,phase_label,settled_low_block,8915,0.3417041159997899,0.3228638508675918,0.23275421179334707,0.689863207859988
regression,v4_freeze_geometry,phase_label,settled_mid_block,5795,0.29584539839311097,0.2596182864122926,0.1852906900719722,0.6827878939551556
regression,v4_freeze_geometry,phase_label,wide_defending,6560,0.2481221234535027,0.24098989655300332,0.17173423479093045,0.7016573272823119
regression,v4_freeze_geometry,action_zone,attacking_third_center,12110,0.36633960736724347,0.3621665064070573,0.272750667997727,0.6898593054208495
regression,v4_freeze_geometry,action_zone,attacking_third_left_flank,3669,0.354105610753115,0.33122063509410443,0.2446656970615353,0.6865051455789057
regression,v4_freeze_geometry,action_zone,attacking_third_right_flank,3794,0.3842367875727024,0.333418377982083,0.24441382234986125,0.7150315699199805
regression,v4_freeze_geometry,action_zone,defensive_third_center,10187,0.3826325145555005,0.33541982487638,0.2498563546714436,0.6989601741453091
regression,v4_freeze_geometry,action_zone,defensive_third_left_flank,3477,0.3914159616201359,0.3075785505003286,0.2261760370339143,0.7013018892851736
regression,v4_freeze_geometry,action_zone,defensive_third_right_flank,3210,0.3618015661132694,0.3175022941917617,0.2318237094255535,0.6828249384704235
regression,v4_freeze_geometry,action_zone,middle_third_center,9611,0.23315161074754398,0.259320060268692,0.18451215225041198,0.6370417888564036
regression,v4_freeze_geometry,action_zone,middle_third_left_flank,5862,0.2510427350967146,0.24551316029075143,0.17631499433208933,0.6886866505443748
regression,v4_freeze_geometry,action_zone,middle_third_right_flank,5717,0.2334856953620692,0.24714806964010438,0.17361648765899568,0.687667397052473
regression,v4_freeze_geometry,position_group,centre_back,10607,0.39936466033115503,0.31853047957853126,0.23134912762216292,0.7018633968977274
regression,v4_freeze_geometry,position_group,defensive_midfielder,10844,0.37438987762106046,0.31402688437722737,0.22804435522863498,0.6860836143086279
regression,v4_freeze_geometry,position_group,forward,7076,0.3508537453917894,0.299491416608816,0.21719714625652062,0.6539447520115079
regression,v4_freeze_geometry,position_group,fullback_wingback,10414,0.38301982855139804,0.30964266700615195,0.2261002635278796,0.6972480012551647
regression,v4_freeze_geometry,position_group,goalkeeper,2346,0.2567433109236086,0.2795177314959212,0.20554630570981647,0.5405019148786698
regression,v4_freeze_geometry,position_group,midfielder,10229,0.33996110472186925,0.3144235152184291,0.22820952443979037,0.6614570652928363
regression,v4_freeze_geometry,position_group,other,6121,0.3669451944790809,0.3096513088406684,0.22356232711314097,0.6844065260526505
regression,v4_freeze_geometry,play_pattern,From Corner,3235,0.3551746670071194,0.3345373576187868,0.24530133082748262,0.6614737078260511
regression,v4_freeze_geometry,play_pattern,From Counter,759,0.3759169890180658,0.24091920005261666,0.17773306425370447,0.6951120490432484
regression,v4_freeze_geometry,play_pattern,From Free Kick,8284,0.38302578217831706,0.3139748111236201,0.2285865387378714,0.6877779903099376
regression,v4_freeze_geometry,play_pattern,From Goal Kick,4477,0.3682787095523017,0.3013589012439563,0.21481272087084358,0.6678231718469225
regression,v4_freeze_geometry,play_pattern,From Keeper,1786,0.2832331555007339,0.27084682467794297,0.20161824989039015,0.6130022741611992
regression,v4_freeze_geometry,play_pattern,From Kick Off,1453,0.35980144857828456,0.27780863804851735,0.20846447439786134,0.6702552932636027
regression,v4_freeze_geometry,play_pattern,From Throw In,12537,0.3839796630312825,0.3085885674186378,0.222873953842107,0.6913251893988444
regression,v4_freeze_geometry,play_pattern,Regular Play,24821,0.3700790994368953,0.31527085444941116,0.22960816548555013,0.6886962895760848
regression,v4_freeze_geometry,action_family,contest,6910,0.36095305604665207,0.30829591018780006,0.21954047183108175,0.6739494701287183
regression,v4_freeze_geometry,action_family,discipline,2643,0.19597408890503942,0.18644035233419853,0.12107369081835354,0.6616709025222177
regression,v4_freeze_geometry,action_family,goalkeeper,1469,0.23176431422216448,0.28391760893894663,0.20314446389960544,0.45863613981683826
regression,v4_freeze_geometry,action_family,intervention,10105,0.34286909007388666,0.31513819219649797,0.23182712412697787,0.6317354789207651
regression,v4_freeze_geometry,action_family,pressure,27478,0.35111477803404645,0.3162678584120088,0.2302801358253627,0.6581268063729844
regression,v4_freeze_geometry,action_family,recovery,8932,0.2933248831744266,0.32356712376331914,0.24406520301676643,0.5914653059501924
regression,v4_freeze_geometry,counterpress,False,48947,0.3784854303280194,0.3130227982328006,0.22759796348700806,0.6865595495887151
regression,v4_freeze_geometry,counterpress,True,8690,0.3405719649646801,0.29654643045919893,0.21439386423807547,0.664228606878815
regression,v5_interpretable_clustered,phase_label,box_defence,9686,0.2287045679559161,0.4152949168254392,0.3164121484142026,0.5754805110070206
regression,v5_interpretable_clustered,phase_label,central_progression_defence,6748,0.19602524534369403,0.28209532529381787,0.20452071150075468,0.539374120111793
regression,v5_interpretable_clustered,phase_label,counterpress_after_loss,4070,0.13598835110654894,0.33712544936913724,0.26068261530169173,0.39871110525281256
regression,v5_interpretable_clustered,phase_label,high_press,9797,0.23482467265583595,0.3777785722589652,0.2826466341668345,0.576488881193984
regression,v5_interpretable_clustered,phase_label,second_ball,6035,0.24143358864478348,0.33492752879398396,0.2406106221784219,0.5720651919542449
regression,v5_interpretable_clustered,phase_label,settled_low_block,8915,0.2168602523835892,0.3521506431839408,0.25530612389300356,0.5566398603747389
regression,v5_interpretable_clustered,phase_label,settled_mid_block,5795,0.20896702659723743,0.27516840198011944,0.19998558490117216,0.5655735371437294
regression,v5_interpretable_clustered,phase_label,wide_defending,6560,0.21933674604695585,0.24555967554940664,0.17747668413071513,0.6268141955440819
regression,v5_interpretable_clustered,action_zone,attacking_third_center,12110,0.20643959252622968,0.4052938358635553,0.3069465599534781,0.5355356155514818
regression,v5_interpretable_clustered,action_zone,attacking_third_left_flank,3669,0.2249948955252834,0.36281807191458815,0.2702139303001594,0.5597004318934298
regression,v5_interpretable_clustered,action_zone,attacking_third_right_flank,3794,0.23033670434653175,0.3727632184648293,0.2745827230018423,0.5844508959173048
regression,v5_interpretable_clustered,action_zone,defensive_third_center,10187,0.2243194907538456,0.375974413757791,0.28168524835155645,0.5605655768390442
regression,v5_interpretable_clustered,action_zone,defensive_third_left_flank,3477,0.2323731574725203,0.3454385829885746,0.25694017695426113,0.5696544154033485
regression,v5_interpretable_clustered,action_zone,defensive_third_right_flank,3210,0.21662723939396833,0.3517654925069606,0.2588681917110869,0.5528293394551224
regression,v5_interpretable_clustered,action_zone,middle_third_center,9611,0.1653184890494126,0.27054639774734285,0.19656842365256105,0.5012035001829153
regression,v5_interpretable_clustered,action_zone,middle_third_left_flank,5862,0.21211525708554524,0.25181268457543704,0.1830157763511455,0.5932131526393971
regression,v5_interpretable_clustered,action_zone,middle_third_right_flank,5717,0.2086365818230418,0.25112218182735696,0.1796463626959394,0.5995917356779238
regression,v5_interpretable_clustered,position_group,centre_back,10607,0.2685922267248668,0.3515000091506315,0.25609538457244513,0.6053576336981622
regression,v5_interpretable_clustered,position_group,defensive_midfielder,10844,0.24048501310671389,0.34600559443073053,0.25302924572440805,0.5644033007696315
regression,v5_interpretable_clustered,position_group,forward,7076,0.21516190152964765,0.32930865161625983,0.23994465193355666,0.5336304686316992
regression,v5_interpretable_clustered,position_group,fullback_wingback,10414,0.2656259333085763,0.33781883666502976,0.24737509595922347,0.6020425060998057
regression,v5_interpretable_clustered,position_group,goalkeeper,2346,0.11148852937315823,0.30561275031140034,0.22589670606037,0.42611270914544985
regression,v5_interpretable_clustered,position_group,midfielder,10229,0.21656272496444562,0.34255662398771747,0.25060044207928783,0.5355944103884436
regression,v5_interpretable_clustered,position_group,other,6121,0.24150853392346316,0.33894373784621706,0.2459834812255103,0.5752225954318851
regression,v5_interpretable_clustered,play_pattern,From Corner,3235,0.1913675578642895,0.3746270714076995,0.2903591216324553,0.5274263367074219
regression,v5_interpretable_clustered,play_pattern,From Counter,759,0.17289399539952122,0.2773516917180922,0.21629949858080344,0.5878155564533226
regression,v5_interpretable_clustered,play_pattern,From Free Kick,8284,0.24513151118695597,0.3472937343426031,0.2516191966984572,0.5749608681677094
regression,v5_interpretable_clustered,play_pattern,From Goal Kick,4477,0.2237096864795154,0.3340668256631464,0.24266314928850163,0.5618675722165144
regression,v5_interpretable_clustered,play_pattern,From Keeper,1786,0.20256590192609614,0.2856815512897719,0.21822732017749644,0.49840994910710257
regression,v5_interpretable_clustered,play_pattern,From Kick Off,1453,0.26758923924348,0.2971431753357559,0.22303062929777334,0.5854549264587585
regression,v5_interpretable_clustered,play_pattern,From Throw In,12537,0.26076107270746385,0.3380451593245917,0.24687303320341314,0.5856352767550249
regression,v5_interpretable_clustered,play_pattern,Regular Play,24821,0.24976513404879308,0.3440641602685737,0.24897559775705877,0.5842817269256116
regression,v5_interpretable_clustered,action_family,contest,6910,0.23255718673805392,0.33785036624895814,0.24450609776539953,0.5615683512080166
regression,v5_interpretable_clustered,action_family,discipline,2643,0.0937966236379838,0.19793278277896795,0.12092901242143111,0.6660802128374309
regression,v5_interpretable_clustered,action_family,goalkeeper,1469,0.16571335799783726,0.29587122878615385,0.20538435711058073,0.4881251044400585
regression,v5_interpretable_clustered,action_family,intervention,10105,0.18887866958614885,0.3501208729272634,0.2576903140889682,0.5165468212752878
regression,v5_interpretable_clustered,action_family,pressure,27478,0.22027095945679986,0.3466913218798905,0.25509160448389895,0.5284267500662578
regression,v5_interpretable_clustered,action_family,recovery,8932,0.15402022738867305,0.3540254457924502,0.2677384964573279,0.42677786410127816
regression,v5_interpretable_clustered,counterpress,False,48947,0.25187766454700067,0.3434287293072711,0.2507679052140967,0.5812134837416545
regression,v5_interpretable_clustered,counterpress,True,8690,0.21110029674952158,0.32435447469099804,0.23693202735445634,0.5305313507504058
regression,v6_balanced_clustered,phase_label,box_defence,9686,0.26304420844465404,0.40594477312984434,0.3071983267057248,0.6081173575420781
regression,v6_balanced_clustered,phase_label,central_progression_defence,6748,0.22030499768497858,0.27780308143654486,0.20015545134301027,0.5739951622395458
regression,v6_balanced_clustered,phase_label,counterpress_after_loss,4070,0.1432428004047026,0.3357071729292545,0.26005312044210754,0.40882864923618917
regression,v6_balanced_clustered,phase_label,high_press,9797,0.26696725295321855,0.3697588097773234,0.27406027687621665,0.6066612796999227
regression,v6_balanced_clustered,phase_label,second_ball,6035,0.2862440376058807,0.3248844426989861,0.22953785230934207,0.6215881221053672
regression,v6_balanced_clustered,phase_label,settled_low_block,8915,0.24582483040028424,0.3455771091889248,0.24920364961082223,0.5903639047175292
regression,v6_balanced_clustered,phase_label,settled_mid_block,5795,0.23730565809740212,0.2701945162285462,0.19509160330983685,0.6008973169666176
regression,v6_balanced_clustered,phase_label,wide_defending,6560,0.24226317941195086,0.2419270210580441,0.17463764748022717,0.6613064532022547
regression,v6_balanced_clustered,action_zone,attacking_third_center,12110,0.24187930887862874,0.39614043818326333,0.29796133845437733,0.569992906586114
regression,v6_balanced_clustered,action_zone,attacking_third_left_flank,3669,0.24939682528525697,0.35706051584652204,0.26459092329358513,0.590209221212885
regression,v6_balanced_clustered,action_zone,attacking_third_right_flank,3794,0.26811269556842054,0.3635002983756556,0.26643436818365174,0.6245864093192208
regression,v6_balanced_clustered,action_zone,defensive_third_center,10187,0.25596485845262296,0.3682252582783677,0.27353140217996313,0.5916688142866009
regression,v6_balanced_clustered,action_zone,defensive_third_left_flank,3477,0.26811549401415924,0.33730054560801903,0.24834449600603284,0.6040981021369761
regression,v6_balanced_clustered,action_zone,defensive_third_right_flank,3210,0.24376103701413931,0.34561972901942795,0.2520957078637965,0.582956763211808
regression,v6_balanced_clustered,action_zone,middle_third_center,9611,0.1864838158540172,0.2670942001875304,0.19217492374009026,0.5389424988864976
regression,v6_balanced_clustered,action_zone,middle_third_left_flank,5862,0.23670796125801985,0.247851541361691,0.17991368536661664,0.6317779466580368
regression,v6_balanced_clustered,action_zone,middle_third_right_flank,5717,0.23134918603397125,0.2474922685133831,0.17646065081015733,0.6367305429046279
regression,v6_balanced_clustered,position_group,centre_back,10607,0.30134164720243006,0.34354053104995846,0.24889443811815598,0.6338929550857451
regression,v6_balanced_clustered,position_group,defensive_midfielder,10844,0.2667064553868841,0.3399803978352568,0.24674155397866918,0.5943477289292459
regression,v6_balanced_clustered,position_group,forward,7076,0.2587648957269809,0.3200302948987016,0.23142671191328446,0.5794739744146501
regression,v6_balanced_clustered,position_group,fullback_wingback,10414,0.29220461411373,0.3316492806085021,0.2414014919119748,0.6311138205557245
regression,v6_balanced_clustered,position_group,goalkeeper,2346,0.10807918260124716,0.3061985290395351,0.22664874304418112,0.40774953233378125
regression,v6_balanced_clustered,position_group,midfielder,10229,0.24419014518321125,0.33646239309133996,0.24414451480516086,0.5695966471232463
regression,v6_balanced_clustered,position_group,other,6121,0.27483707933198875,0.3314133966546608,0.23906463396633976,0.6094534222328036
regression,v6_balanced_clustered,play_pattern,From Corner,3235,0.24744976613599512,0.3614026429435366,0.2651927670502971,0.5661187454793524
regression,v6_balanced_clustered,play_pattern,From Counter,759,0.2610512288218293,0.262154548908105,0.1926043267736746,0.6251825758908819
regression,v6_balanced_clustered,play_pattern,From Free Kick,8284,0.2814847275007728,0.33882800735175017,0.24506004623692404,0.6143757468827787
regression,v6_balanced_clustered,play_pattern,From Goal Kick,4477,0.27348571299104707,0.3231791589702727,0.22989853126047444,0.6048071015140352
regression,v6_balanced_clustered,play_pattern,From Keeper,1786,0.21224490061548207,0.28394250276800653,0.21287987353341142,0.508990524877746
regression,v6_balanced_clustered,play_pattern,From Kick Off,1453,0.28196383778617906,0.2942127980455366,0.22089548954491547,0.6106558153199193
regression,v6_balanced_clustered,play_pattern,From Throw In,12537,0.28198588944586256,0.3331568881396792,0.24021926580966727,0.6150027093685092
regression,v6_balanced_clustered,play_pattern,Regular Play,24821,0.27463317380376373,0.3383137581225032,0.24643580851782357,0.6067023276746891
regression,v6_balanced_clustered,action_family,contest,6910,0.2729096919833587,0.32884826898141417,0.23479421253630503,0.6059441975245307
regression,v6_balanced_clustered,action_family,discipline,2643,0.0876891684686607,0.19859865737390184,0.1277822706898073,0.6386653566039231
regression,v6_balanced_clustered,action_family,goalkeeper,1469,0.17333906498542084,0.29451593518472535,0.20436307879656043,0.46774227063262425
regression,v6_balanced_clustered,action_family,intervention,10105,0.22440558830428148,0.34236741756409966,0.25169517339398195,0.5585930291505115
regression,v6_balanced_clustered,action_family,pressure,27478,0.25157552227273416,0.3396605492534989,0.24732502524850603,0.5641060617875236
regression,v6_balanced_clustered,action_family,recovery,8932,0.17932144258358285,0.348691235972447,0.2621720970253416,0.4657368246797407
regression,v6_balanced_clustered,counterpress,False,48947,0.2806097480340597,0.33676937181708955,0.24431636507886545,0.6115234970808006
regression,v6_balanced_clustered,counterpress,True,8690,0.24545859307453988,0.3172126777954616,0.23027076672612798,0.5690684651602619
regression,v7_interpretable_ridge,phase_label,box_defence,9686,0.22869909956390155,0.41529638901838056,0.3164123848122226,0.5754781047752864
regression,v7_interpretable_ridge,phase_label,central_progression_defence,6748,0.1960286308119924,0.2820947313536595,0.20451880583416948,0.539371819080121
regression,v7_interpretable_ridge,phase_label,counterpress_after_loss,4070,0.13600155924933355,0.3371228725415592,0.2606832361871003,0.3986925205449764
regression,v7_interpretable_ridge,phase_label,high_press,9797,0.23481744506321434,0.3777803564403654,0.28264917493981995,0.5764863848692392
regression,v7_interpretable_ridge,phase_label,second_ball,6035,0.24143283691448214,0.3349276947485438,0.24061364807074656,0.5720723323678141
regression,v7_interpretable_ridge,phase_label,settled_low_block,8915,0.21686345421743802,0.3521499233066742,0.25530458129898925,0.5566433758711528
regression,v7_interpretable_ridge,phase_label,settled_mid_block,5795,0.20896889349733727,0.27516807727038073,0.1999841546479412,0.565569662316589
regression,v7_interpretable_ridge,phase_label,wide_defending,6560,0.21935744954302172,0.2455564193583035,0.17747124942070985,0.6268098388177029
regression,v7_interpretable_ridge,action_zone,attacking_third_center,12110,0.2064382555589398,0.4052941772769928,0.30694547504790926,0.535551668753068
regression,v7_interpretable_ridge,action_zone,attacking_third_left_flank,3669,0.2249957816042788,0.3628178645059126,0.270213110168435,0.5597078939443002
regression,v7_interpretable_ridge,action_zone,attacking_third_right_flank,3794,0.23033360909203426,0.3727639680106859,0.27458372102468115,0.5844494764937873
regression,v7_interpretable_ridge,action_zone,defensive_third_center,10187,0.22431277737311928,0.37597604075105145,0.281686118359254,0.5605640456767297
regression,v7_interpretable_ridge,action_zone,defensive_third_left_flank,3477,0.23237299696505875,0.34543861910343154,0.25694148637517283,0.5696502865362486
regression,v7_interpretable_ridge,action_zone,defensive_third_right_flank,3210,0.21662204194896184,0.3517666594346749,0.2588694613502065,0.5528203787913155
regression,v7_interpretable_ridge,action_zone,middle_third_center,9611,0.16532799791708863,0.2705448566821644,0.1965674461785838,0.501206025601606
regression,v7_interpretable_ridge,action_zone,middle_third_left_flank,5862,0.21213115636637192,0.2518101438099113,0.18301406848459176,0.5932089875804949
regression,v7_interpretable_ridge,action_zone,middle_third_right_flank,5717,0.20864605884868337,0.25112067815759737,0.17964539497478643,0.5995923047161414
regression,v7_interpretable_ridge,position_group,centre_back,10607,0.2685923452859236,0.35149998066158905,0.25609450046772975,0.6053621535278607
regression,v7_interpretable_ridge,position_group,defensive_midfielder,10844,0.24048484767117528,0.3460056321137386,0.25302832453559554,0.5644050166795159
regression,v7_interpretable_ridge,position_group,forward,7076,0.21516765115726189,0.3293074453766619,0.23994471152101743,0.533634543764134
regression,v7_interpretable_ridge,position_group,fullback_wingback,10414,0.26562861048021214,0.3378182209026596,0.24737409026958676,0.602042652022294
regression,v7_interpretable_ridge,position_group,goalkeeper,2346,0.11147872492933308,0.3056144364769006,0.2259036118141666,0.4261708418337001
regression,v7_interpretable_ridge,position_group,midfielder,10229,0.2165619504502987,0.34255679331517624,0.2505991291304404,0.535588750202221
regression,v7_interpretable_ridge,position_group,other,6121,0.24150146791554505,0.3389453166204451,0.24598459866612568,0.5752186431211721
regression,v7_interpretable_ridge,play_pattern,From Corner,3235,0.191373261149981,0.37462575028275313,0.29035769380033866,0.5274250988966798
regression,v7_interpretable_ridge,play_pattern,From Counter,759,0.172939188566691,0.2773441143504247,0.2162929911757822,0.5878733687197002
regression,v7_interpretable_ridge,play_pattern,From Free Kick,8284,0.24513095774077054,0.34729386165508214,0.25161843758055535,0.5749580302786604
regression,v7_interpretable_ridge,play_pattern,From Goal Kick,4477,0.22371384417625018,0.3340659310555583,0.24266121923247888,0.5618544170008493
regression,v7_interpretable_ridge,play_pattern,From Keeper,1786,0.20256857614385582,0.2856810722687967,0.21822762726182085,0.49838027062133106
regression,v7_interpretable_ridge,play_pattern,From Kick Off,1453,0.2675912864854936,0.2971427600466516,0.22302953439013634,0.5854492937707259
regression,v7_interpretable_ridge,play_pattern,From Throw In,12537,0.2607590031225171,0.33804563252253733,0.2468730536650995,0.5856339899669658
regression,v7_interpretable_ridge,play_pattern,Regular Play,24821,0.24976378592003534,0.34406446940015484,0.24897587814421787,0.5842809716851257
regression,v7_interpretable_ridge,action_family,contest,6910,0.23255790733350934,0.33785020763551393,0.24450573004231976,0.561575597935621
regression,v7_interpretable_ridge,action_family,discipline,2643,0.09382560825810704,0.19792961734583053,0.12092508863987621,0.6661003609435923
regression,v7_interpretable_ridge,action_family,goalkeeper,1469,0.1656821828976094,0.2958767566998119,0.2053836883186379,0.4880926435893437
regression,v7_interpretable_ridge,action_family,intervention,10105,0.18888836861859026,0.3501187796252325,0.25768858645892767,0.5165608129002219
regression,v7_interpretable_ridge,action_family,pressure,27478,0.22026931030748442,0.3466916885107482,0.25509229732861116,0.5284274784332917
regression,v7_interpretable_ridge,action_family,recovery,8932,0.1540141003713973,0.3540267278066101,0.2677358651475557,0.4267556408758958
regression,v7_interpretable_ridge,counterpress,False,48947,0.2518764495638459,0.34342900817874156,0.2507676157903434,0.581213033501505
regression,v7_interpretable_ridge,counterpress,True,8690,0.21110815251505144,0.32435285974613587,0.23693137814178708,0.5305316061336504
regression,v8_balanced_ridge,phase_label,box_defence,9686,0.2630399225495206,0.4059459535494963,0.30719827569884883,0.6081149215392404
regression,v8_balanced_ridge,phase_label,central_progression_defence,6748,0.22030733908537892,0.27780266431912554,0.20015423479463879,0.5739979635353974
regression,v8_balanced_ridge,phase_label,counterpress_after_loss,4070,0.1432484883337941,0.3357060585635011,0.2600542384649406,0.4088415046301365
regression,v8_balanced_ridge,phase_label,high_press,9797,0.2669616578997469,0.36976022091234634,0.2740612001364368,0.6066592805022892
regression,v8_balanced_ridge,phase_label,second_ball,6035,0.28624512059135965,0.32488419622450054,0.22953901680934932,0.6215915996472925
regression,v8_balanced_ridge,phase_label,settled_low_block,8915,0.2458270582970764,0.34557659875664554,0.24920240925028161,0.5903640406777788
regression,v8_balanced_ridge,phase_label,settled_mid_block,5795,0.23730762901211366,0.2701941671170727,0.1950903631992015,0.6008947410661896
regression,v8_balanced_ridge,phase_label,wide_defending,6560,0.2422819040869908,0.24192403187188108,0.17463377220796383,0.6613029499668307
regression,v8_balanced_ridge,action_zone,attacking_third_center,12110,0.2418769570136916,0.396141052642211,0.2979612375005827,0.5699967716465285
regression,v8_balanced_ridge,action_zone,attacking_third_left_flank,3669,0.24939709697783052,0.3570604512246936,0.26458960749807353,0.5902097443026753
regression,v8_balanced_ridge,action_zone,attacking_third_right_flank,3794,0.2681115761588444,0.36350057635940863,0.26643457463832215,0.6245831671056853
regression,v8_balanced_ridge,action_zone,defensive_third_center,10187,0.25595923038560764,0.3682266509494901,0.2735319776812544,0.5916700696140264
regression,v8_balanced_ridge,action_zone,defensive_third_left_flank,3477,0.26811752045597426,0.33730007864882167,0.2483436940700731,0.6041019780734765
regression,v8_balanced_ridge,action_zone,defensive_third_right_flank,3210,0.243760865189792,0.3456197682833933,0.252094571299142,0.5829543529658191
regression,v8_balanced_ridge,action_zone,middle_third_center,9611,0.18649003786418838,0.2670931787782209,0.19217423637058842,0.5389467276191803
regression,v8_balanced_ridge,action_zone,middle_third_left_flank,5862,0.23672182783042817,0.24784929001700268,0.17991163426119602,0.6317803543811537
regression,v8_balanced_ridge,action_zone,middle_third_right_flank,5717,0.23135810044703442,0.24749083336580494,0.1764594346403422,0.6367326988069428
regression,v8_balanced_ridge,position_group,centre_back,10607,0.3013414228031166,0.3435405862201663,0.24889381112825573,0.6338961600756563
regression,v8_balanced_ridge,position_group,defensive_midfielder,10844,0.26670752424421795,0.33998015005544424,0.24674069017864672,0.5943487854529739
regression,v8_balanced_ridge,position_group,forward,7076,0.2587682640138479,0.32002956776431624,0.23142581012355665,0.5794776807434837
regression,v8_balanced_ridge,position_group,fullback_wingback,10414,0.2922058365596729,0.33164899420970606,0.24140074171306156,0.6311132751539439
regression,v8_balanced_ridge,position_group,goalkeeper,2346,0.10807096690180495,0.3061999392708259,0.22665002589168975,0.40776753338161753
regression,v8_balanced_ridge,position_group,midfielder,10229,0.2441897475539253,0.33646248159725367,0.24414409036385643,0.569594008509675
regression,v8_balanced_ridge,position_group,other,6121,0.27483260634247964,0.3314144187741861,0.23906465348868616,0.6094498585221018
regression,v8_balanced_ridge,play_pattern,From Corner,3235,0.2474503437653075,0.36140250424395826,0.26519441618705414,0.5661181227596012
regression,v8_balanced_ridge,play_pattern,From Counter,759,0.26108011134985165,0.26214942557588733,0.19260085468626795,0.6252188440655877
regression,v8_balanced_ridge,play_pattern,From Free Kick,8284,0.2814847257080836,0.3388280077744366,0.24505944557595066,0.6143780404373991
regression,v8_balanced_ridge,play_pattern,From Goal Kick,4477,0.2734879978339214,0.32317865078055624,0.22989723841044038,0.6048074975575607
regression,v8_balanced_ridge,play_pattern,From Keeper,1786,0.21224502054558814,0.28394248115389337,0.21287969633047624,0.508984938612154
regression,v8_balanced_ridge,play_pattern,From Kick Off,1453,0.2819632379946333,0.29421292092675166,0.22089327874239817,0.6106615653963792
regression,v8_balanced_ridge,play_pattern,From Throw In,12537,0.2819857346917295,0.33315692404245734,0.24021887656915988,0.6150015596581595
regression,v8_balanced_ridge,play_pattern,Regular Play,24821,0.27463226860316947,0.3383139692168821,0.24643519030654484,0.6067013100133936
regression,v8_balanced_ridge,action_family,contest,6910,0.2729113343665688,0.3288478975728184,0.23479281466036375,0.605943891012071
regression,v8_balanced_ridge,action_family,discipline,2643,0.0877084724027829,0.1985965562502791,0.1277795933936327,0.638682242298366
regression,v8_balanced_ridge,action_family,goalkeeper,1469,0.1733098813476487,0.2945211337916451,0.20436187961934116,0.4677032207685939
regression,v8_balanced_ridge,action_family,intervention,10105,0.2244113608794729,0.34236614347979183,0.2516943000515865,0.5586012854676379
regression,v8_balanced_ridge,action_family,pressure,27478,0.2515742547873362,0.3396608368674246,0.2473252926849155,0.564106888272073
regression,v8_balanced_ridge,action_family,recovery,8932,0.17931900725525496,0.34869175333518726,0.26217028071768933,0.4657301850015314
regression,v8_balanced_ridge,counterpress,False,48947,0.28060874490343046,0.3367696066156243,0.2443159849008049,0.6115223674531155
regression,v8_balanced_ridge,counterpress,True,8690,0.24546519866394467,0.31721128928233944,0.23026929202613405,0.5690715525718839
